{"x1": 0.14767252604166667, "y1": 0.48912037037037037, "x2": 0.665380859375, "y2": 0.9335648148148148}